algorithm,pair,k,silhouette,davies_bouldin,calinski_harabasz,time
k-Medians,education-num + occupation,7,0.4428617817991283,0.7100866333982769,6737.398581078012,0.11621403694152832
k-Medians,hours-per-week + occupation,5,0.3883117108752597,0.8807544186459848,5103.16195647624,0.12494850158691406
k-Medians,age + hours-per-week,3,0.3467884279892012,1.061713664918322,3682.313455265111,0.14666008949279785
