algorithm,pair,k,silhouette,davies_bouldin,calinski_harabasz,time
KNN-clustering,education-num + occupation,4,0.4243580757914573,0.7472092141401223,4050.63057918395,5.145137548446655
KNN-clustering,hours-per-week + occupation,7,0.3630366417009696,0.8681158475391487,3097.984710322876,1.9597203731536865
KNN-clustering,age + hours-per-week,3,0.34144446886761254,0.9116682161838315,2630.1777448738267,0.8133912086486816
