algorithm,pair,k,silhouette,davies_bouldin,calinski_harabasz,time
Hierarchical,education-num + occupation,8,0.43039811840174225,0.8232037428565147,4674.890356658563,0.21542572975158691
Hierarchical,hours-per-week + occupation,9,0.38736751681807535,0.8688127404588797,3467.1290876213043,0.2623269557952881
Hierarchical,age + hours-per-week,3,0.3525663380884738,0.9410662317481124,2801.710203325599,0.299471378326416
