algorithm,pair,k,silhouette,davies_bouldin,calinski_harabasz,time
k-Means,education-num + occupation,7,0.4928953992352393,0.650544395070088,29591.869700139614,0.09844851493835449
k-Means,hours-per-week + occupation,4,0.4302241790865863,0.8249708553567997,18857.3206966127,0.07025289535522461
k-Means,age + hours-per-week,5,0.3914467421388152,0.8241725506372937,17833.665115489097,0.1181175708770752
