algorithm,pair,k,silhouette,davies_bouldin,calinski_harabasz,time
DBSCAN,education-num + occupation,29,-0.13310449399373395,2.0594260433413925,385.556535826964,0.06616067886352539
DBSCAN,hours-per-week + occupation,3,0.49519330301130815,0.8676949339240928,145.2862592975411,0.08085966110229492
DBSCAN,age + hours-per-week,3,0.4390049637843748,0.357663995198398,40.79636907013375,0.0819242000579834
